{
  "hash": "93f3fdf8",
  "configHash": "cf4362ff",
  "lockfileHash": "345ab99c",
  "browserHash": "e135b834",
  "optimized": {
    "@angular/cdk/bidi": {
      "src": "../../../../../../node_modules/@angular/cdk/fesm2022/bidi.mjs",
      "file": "@angular_cdk_bidi.js",
      "fileHash": "45d019f5",
      "needsInterop": false
    },
    "@angular/cdk/scrolling": {
      "src": "../../../../../../node_modules/@angular/cdk/fesm2022/scrolling.mjs",
      "file": "@angular_cdk_scrolling.js",
      "fileHash": "11057ca9",
      "needsInterop": false
    },
    "@angular/cdk/text-field": {
      "src": "../../../../../../node_modules/@angular/cdk/fesm2022/text-field.mjs",
      "file": "@angular_cdk_text-field.js",
      "fileHash": "ea7f3fb8",
      "needsInterop": false
    },
    "@angular/common": {
      "src": "../../../../../../node_modules/@angular/common/fesm2022/common.mjs",
      "file": "@angular_common.js",
      "fileHash": "624ea3df",
      "needsInterop": false
    },
    "@angular/common/http": {
      "src": "../../../../../../node_modules/@angular/common/fesm2022/http.mjs",
      "file": "@angular_common_http.js",
      "fileHash": "a89d31dd",
      "needsInterop": false
    },
    "@angular/core": {
      "src": "../../../../../../node_modules/@angular/core/fesm2022/core.mjs",
      "file": "@angular_core.js",
      "fileHash": "072bf467",
      "needsInterop": false
    },
    "@angular/forms": {
      "src": "../../../../../../node_modules/@angular/forms/fesm2022/forms.mjs",
      "file": "@angular_forms.js",
      "fileHash": "484f6406",
      "needsInterop": false
    },
    "@angular/material/button": {
      "src": "../../../../../../node_modules/@angular/material/fesm2022/button.mjs",
      "file": "@angular_material_button.js",
      "fileHash": "938dac6a",
      "needsInterop": false
    },
    "@angular/material/core": {
      "src": "../../../../../../node_modules/@angular/material/fesm2022/core.mjs",
      "file": "@angular_material_core.js",
      "fileHash": "dd09e2ca",
      "needsInterop": false
    },
    "@angular/material/datepicker": {
      "src": "../../../../../../node_modules/@angular/material/fesm2022/datepicker.mjs",
      "file": "@angular_material_datepicker.js",
      "fileHash": "b48828c2",
      "needsInterop": false
    },
    "@angular/material/form-field": {
      "src": "../../../../../../node_modules/@angular/material/fesm2022/form-field.mjs",
      "file": "@angular_material_form-field.js",
      "fileHash": "861a87df",
      "needsInterop": false
    },
    "@angular/material/icon": {
      "src": "../../../../../../node_modules/@angular/material/fesm2022/icon.mjs",
      "file": "@angular_material_icon.js",
      "fileHash": "e8db0d9e",
      "needsInterop": false
    },
    "@angular/material/input": {
      "src": "../../../../../../node_modules/@angular/material/fesm2022/input.mjs",
      "file": "@angular_material_input.js",
      "fileHash": "09703768",
      "needsInterop": false
    },
    "@angular/material/menu": {
      "src": "../../../../../../node_modules/@angular/material/fesm2022/menu.mjs",
      "file": "@angular_material_menu.js",
      "fileHash": "9a7a53de",
      "needsInterop": false
    },
    "@angular/material/radio": {
      "src": "../../../../../../node_modules/@angular/material/fesm2022/radio.mjs",
      "file": "@angular_material_radio.js",
      "fileHash": "bd07514a",
      "needsInterop": false
    },
    "@angular/material/select": {
      "src": "../../../../../../node_modules/@angular/material/fesm2022/select.mjs",
      "file": "@angular_material_select.js",
      "fileHash": "83db0754",
      "needsInterop": false
    },
    "@angular/material/table": {
      "src": "../../../../../../node_modules/@angular/material/fesm2022/table.mjs",
      "file": "@angular_material_table.js",
      "fileHash": "2d640cd9",
      "needsInterop": false
    },
    "@angular/material/toolbar": {
      "src": "../../../../../../node_modules/@angular/material/fesm2022/toolbar.mjs",
      "file": "@angular_material_toolbar.js",
      "fileHash": "335843c7",
      "needsInterop": false
    },
    "@angular/platform-browser": {
      "src": "../../../../../../node_modules/@angular/platform-browser/fesm2022/platform-browser.mjs",
      "file": "@angular_platform-browser.js",
      "fileHash": "8520985c",
      "needsInterop": false
    },
    "@angular/router": {
      "src": "../../../../../../node_modules/@angular/router/fesm2022/router.mjs",
      "file": "@angular_router.js",
      "fileHash": "b9d3b8e3",
      "needsInterop": false
    },
    "rxjs": {
      "src": "../../../../../../node_modules/rxjs/dist/esm5/index.js",
      "file": "rxjs.js",
      "fileHash": "0bf77b4c",
      "needsInterop": false
    },
    "zone.js": {
      "src": "../../../../../../node_modules/zone.js/fesm2015/zone.js",
      "file": "zone__js.js",
      "fileHash": "ef5cbbb6",
      "needsInterop": true
    }
  },
  "chunks": {
    "chunk-T7NKIC7Z": {
      "file": "chunk-T7NKIC7Z.js"
    },
    "chunk-Y45YODVY": {
      "file": "chunk-Y45YODVY.js"
    },
    "chunk-KXO5A2NU": {
      "file": "chunk-KXO5A2NU.js"
    },
    "chunk-UFAXTRBB": {
      "file": "chunk-UFAXTRBB.js"
    },
    "chunk-W4ZHN2PS": {
      "file": "chunk-W4ZHN2PS.js"
    },
    "chunk-SF2NBAX6": {
      "file": "chunk-SF2NBAX6.js"
    },
    "chunk-AYGPLUJH": {
      "file": "chunk-AYGPLUJH.js"
    },
    "chunk-7Q23FRHQ": {
      "file": "chunk-7Q23FRHQ.js"
    },
    "chunk-RT4NWXRI": {
      "file": "chunk-RT4NWXRI.js"
    },
    "chunk-4HOC2OKR": {
      "file": "chunk-4HOC2OKR.js"
    },
    "chunk-JYLOMKDH": {
      "file": "chunk-JYLOMKDH.js"
    },
    "chunk-WOJPLV4Y": {
      "file": "chunk-WOJPLV4Y.js"
    },
    "chunk-PYFN2H7V": {
      "file": "chunk-PYFN2H7V.js"
    },
    "chunk-TANCBZP2": {
      "file": "chunk-TANCBZP2.js"
    },
    "chunk-ZQHL5UH2": {
      "file": "chunk-ZQHL5UH2.js"
    },
    "chunk-LMTIKGVZ": {
      "file": "chunk-LMTIKGVZ.js"
    },
    "chunk-SEP74S2A": {
      "file": "chunk-SEP74S2A.js"
    },
    "chunk-4L3GT5UD": {
      "file": "chunk-4L3GT5UD.js"
    },
    "chunk-GWFLKVBH": {
      "file": "chunk-GWFLKVBH.js"
    },
    "chunk-ZWO3EBKW": {
      "file": "chunk-ZWO3EBKW.js"
    },
    "chunk-FRFL4IEN": {
      "file": "chunk-FRFL4IEN.js"
    },
    "chunk-5EG33CFQ": {
      "file": "chunk-5EG33CFQ.js"
    },
    "chunk-UKTGYRSG": {
      "file": "chunk-UKTGYRSG.js"
    },
    "chunk-6PYPTQEA": {
      "file": "chunk-6PYPTQEA.js"
    },
    "chunk-OWBT6AXR": {
      "file": "chunk-OWBT6AXR.js"
    },
    "chunk-WH2DRSVK": {
      "file": "chunk-WH2DRSVK.js"
    },
    "chunk-3452DFFK": {
      "file": "chunk-3452DFFK.js"
    },
    "chunk-AGCF4D2E": {
      "file": "chunk-AGCF4D2E.js"
    },
    "chunk-WBEHRU3H": {
      "file": "chunk-WBEHRU3H.js"
    },
    "chunk-RSS3ODKE": {
      "file": "chunk-RSS3ODKE.js"
    },
    "chunk-WDMUDEB6": {
      "file": "chunk-WDMUDEB6.js"
    }
  }
}