{
  "hash": "9f9a3a4f",
  "configHash": "d60811b8",
  "lockfileHash": "345ab99c",
  "browserHash": "3ab4b2be",
  "optimized": {
    "@angular/cdk/bidi": {
      "src": "../../../../../../node_modules/@angular/cdk/fesm2022/bidi.mjs",
      "file": "@angular_cdk_bidi.js",
      "fileHash": "1724881f",
      "needsInterop": false
    },
    "@angular/cdk/scrolling": {
      "src": "../../../../../../node_modules/@angular/cdk/fesm2022/scrolling.mjs",
      "file": "@angular_cdk_scrolling.js",
      "fileHash": "6c812735",
      "needsInterop": false
    },
    "@angular/cdk/text-field": {
      "src": "../../../../../../node_modules/@angular/cdk/fesm2022/text-field.mjs",
      "file": "@angular_cdk_text-field.js",
      "fileHash": "b3f8c75b",
      "needsInterop": false
    },
    "@angular/common": {
      "src": "../../../../../../node_modules/@angular/common/fesm2022/common.mjs",
      "file": "@angular_common.js",
      "fileHash": "95d6f299",
      "needsInterop": false
    },
    "@angular/common/http": {
      "src": "../../../../../../node_modules/@angular/common/fesm2022/http.mjs",
      "file": "@angular_common_http.js",
      "fileHash": "cdc4a7ea",
      "needsInterop": false
    },
    "@angular/core": {
      "src": "../../../../../../node_modules/@angular/core/fesm2022/core.mjs",
      "file": "@angular_core.js",
      "fileHash": "ebd00ace",
      "needsInterop": false
    },
    "@angular/forms": {
      "src": "../../../../../../node_modules/@angular/forms/fesm2022/forms.mjs",
      "file": "@angular_forms.js",
      "fileHash": "3fa7969d",
      "needsInterop": false
    },
    "@angular/material/button": {
      "src": "../../../../../../node_modules/@angular/material/fesm2022/button.mjs",
      "file": "@angular_material_button.js",
      "fileHash": "011d2348",
      "needsInterop": false
    },
    "@angular/material/core": {
      "src": "../../../../../../node_modules/@angular/material/fesm2022/core.mjs",
      "file": "@angular_material_core.js",
      "fileHash": "7ef9f0b3",
      "needsInterop": false
    },
    "@angular/material/datepicker": {
      "src": "../../../../../../node_modules/@angular/material/fesm2022/datepicker.mjs",
      "file": "@angular_material_datepicker.js",
      "fileHash": "7969eb7d",
      "needsInterop": false
    },
    "@angular/material/form-field": {
      "src": "../../../../../../node_modules/@angular/material/fesm2022/form-field.mjs",
      "file": "@angular_material_form-field.js",
      "fileHash": "a8f073d4",
      "needsInterop": false
    },
    "@angular/material/icon": {
      "src": "../../../../../../node_modules/@angular/material/fesm2022/icon.mjs",
      "file": "@angular_material_icon.js",
      "fileHash": "8c0e00be",
      "needsInterop": false
    },
    "@angular/material/input": {
      "src": "../../../../../../node_modules/@angular/material/fesm2022/input.mjs",
      "file": "@angular_material_input.js",
      "fileHash": "4ce8a42d",
      "needsInterop": false
    },
    "@angular/material/menu": {
      "src": "../../../../../../node_modules/@angular/material/fesm2022/menu.mjs",
      "file": "@angular_material_menu.js",
      "fileHash": "e6ce410d",
      "needsInterop": false
    },
    "@angular/material/radio": {
      "src": "../../../../../../node_modules/@angular/material/fesm2022/radio.mjs",
      "file": "@angular_material_radio.js",
      "fileHash": "cb3511d0",
      "needsInterop": false
    },
    "@angular/material/select": {
      "src": "../../../../../../node_modules/@angular/material/fesm2022/select.mjs",
      "file": "@angular_material_select.js",
      "fileHash": "861fa4bb",
      "needsInterop": false
    },
    "@angular/material/table": {
      "src": "../../../../../../node_modules/@angular/material/fesm2022/table.mjs",
      "file": "@angular_material_table.js",
      "fileHash": "695ecfd3",
      "needsInterop": false
    },
    "@angular/material/toolbar": {
      "src": "../../../../../../node_modules/@angular/material/fesm2022/toolbar.mjs",
      "file": "@angular_material_toolbar.js",
      "fileHash": "d531e3ae",
      "needsInterop": false
    },
    "@angular/platform-browser": {
      "src": "../../../../../../node_modules/@angular/platform-browser/fesm2022/platform-browser.mjs",
      "file": "@angular_platform-browser.js",
      "fileHash": "3f8d641c",
      "needsInterop": false
    },
    "@angular/router": {
      "src": "../../../../../../node_modules/@angular/router/fesm2022/router.mjs",
      "file": "@angular_router.js",
      "fileHash": "3abcaf73",
      "needsInterop": false
    },
    "rxjs": {
      "src": "../../../../../../node_modules/rxjs/dist/esm5/index.js",
      "file": "rxjs.js",
      "fileHash": "3e84160e",
      "needsInterop": false
    },
    "zone.js": {
      "src": "../../../../../../node_modules/zone.js/fesm2015/zone.js",
      "file": "zone__js.js",
      "fileHash": "ce70388d",
      "needsInterop": true
    }
  },
  "chunks": {
    "chunk-N2GZBFOY": {
      "file": "chunk-N2GZBFOY.js"
    },
    "chunk-Y45YODVY": {
      "file": "chunk-Y45YODVY.js"
    },
    "chunk-LFOEKV6L": {
      "file": "chunk-LFOEKV6L.js"
    },
    "chunk-KXO5A2NU": {
      "file": "chunk-KXO5A2NU.js"
    },
    "chunk-467S3MRX": {
      "file": "chunk-467S3MRX.js"
    },
    "chunk-BR45SOV2": {
      "file": "chunk-BR45SOV2.js"
    },
    "chunk-4HOC2OKR": {
      "file": "chunk-4HOC2OKR.js"
    },
    "chunk-JYLOMKDH": {
      "file": "chunk-JYLOMKDH.js"
    },
    "chunk-WOJPLV4Y": {
      "file": "chunk-WOJPLV4Y.js"
    },
    "chunk-PYFN2H7V": {
      "file": "chunk-PYFN2H7V.js"
    },
    "chunk-TANCBZP2": {
      "file": "chunk-TANCBZP2.js"
    },
    "chunk-T7NKIC7Z": {
      "file": "chunk-T7NKIC7Z.js"
    },
    "chunk-6CFO3T52": {
      "file": "chunk-6CFO3T52.js"
    },
    "chunk-4YGECQNX": {
      "file": "chunk-4YGECQNX.js"
    },
    "chunk-AYGPLUJH": {
      "file": "chunk-AYGPLUJH.js"
    },
    "chunk-UFAXTRBB": {
      "file": "chunk-UFAXTRBB.js"
    },
    "chunk-GYIPFUKL": {
      "file": "chunk-GYIPFUKL.js"
    },
    "chunk-JERUEJPV": {
      "file": "chunk-JERUEJPV.js"
    },
    "chunk-GWFLKVBH": {
      "file": "chunk-GWFLKVBH.js"
    },
    "chunk-ZWO3EBKW": {
      "file": "chunk-ZWO3EBKW.js"
    },
    "chunk-5X6DXUI4": {
      "file": "chunk-5X6DXUI4.js"
    },
    "chunk-5EG33CFQ": {
      "file": "chunk-5EG33CFQ.js"
    },
    "chunk-UKTGYRSG": {
      "file": "chunk-UKTGYRSG.js"
    },
    "chunk-6PYPTQEA": {
      "file": "chunk-6PYPTQEA.js"
    },
    "chunk-OWBT6AXR": {
      "file": "chunk-OWBT6AXR.js"
    },
    "chunk-WH2DRSVK": {
      "file": "chunk-WH2DRSVK.js"
    },
    "chunk-3452DFFK": {
      "file": "chunk-3452DFFK.js"
    },
    "chunk-AGCF4D2E": {
      "file": "chunk-AGCF4D2E.js"
    },
    "chunk-WBEHRU3H": {
      "file": "chunk-WBEHRU3H.js"
    },
    "chunk-RSS3ODKE": {
      "file": "chunk-RSS3ODKE.js"
    },
    "chunk-WDMUDEB6": {
      "file": "chunk-WDMUDEB6.js"
    }
  }
}